{
  "in_lbs": [
    10071.0
  ],
  "in_delta": [
    3618429.0
  ],
  "weights": [
    [
      [
        0.86787
      ],
      [
        1.7787
      ],
      [
        -8.9801
      ],
      [
        0.66108
      ],
      [
        3.9283
      ],
      [
        2.1641
      ]
    ],
    [
      [
        0.33748,
        0.072151,
        0.13643,
        0.30231,
        0.65591,
        -0.69366
      ],
      [
        0.13336,
        0.036049,
        0.87083,
        0.098686,
        -0.053544,
        -0.70223
      ],
      [
        0.33251,
        0.39684,
        -0.28343,
        -0.028776,
        -0.08579,
        0.20283
      ],
      [
        0.64472,
        0.66221,
        -4.3824,
        0.25898,
        1.297,
        1.4464
      ],
      [
        1.1816,
        2.6121,
        -10.856,
        0.8164,
        5.241,
        3.3933
      ],
      [
        0.4014,
        0.35222,
        -1.5822,
        0.10319,
        -0.087945,
        -0.089868
      ]
    ],
    [
      [
        1.3307,
        0.89254,
        1.2518,
        0.22862,
        3.2279,
        0.70671
      ]
    ]
  ],
  "biases": [
    [
      0.66907,
      1.9519,
      -9.1001,
      -0.51411,
      3.99,
      2.2349
    ],
    [
      -0.70549,
      -0.46812,
      -0.70735,
      -0.0018446,
      1.0154,
      0.22432
    ],
    [
      -2.1911
    ]
  ],
  "out_lbs": [
    214.48
  ],
  "out_delta": [
    193.32000000000002
  ]
}